issue_id,release,impact_status,feature_area,highlight_tags,action_required,impact_notes,applied_rules,summary,components,subcomponents,labels,fix_versions
JDK-8225377,21.0.x,needs_review,compiler_tools,,要確認,,,type annotations are not visible to javac plugins across compilation boundaries,tools,javac,"javac-plugin,jdk11u-fix-request,jdk11u-fix-yes,jdk17u-fix-request,jdk17u-fix-yes,jdk21u-fix-SQE-ok,jdk21u-fix-request,jdk21u-fix-yes,type-annotations",22
JDK-8279016,21.0.x,excluded,runtime_core,,対応不要,keywords=\bshenandoah\b; labels=gc-shenandoah,gc_related,JFR Leak Profiler is broken with Shenandoah,hotspot,jfr,"amazon-interest,gc-shenandoah,jdk21u-fix-request,jdk21u-fix-yes,redhat-interest",24
JDK-8320001,21.0.x,needs_review,compiler_tools,performance_regression,要確認,,,javac crashes while adding type annotations to the return type of a constructor,tools,javac,"amazon-interest,conformance,jdk11u-fix-request,jdk11u-fix-yes,jdk17u-fix-request,jdk17u-fix-yes,jdk21u-fix-SQE-ok,jdk21u-fix-request,jdk21u-fix-yes,regression,tck-red-21.0.2,tck-red-22",22
JDK-8326586,21.0.x,needs_review,runtime_core,,要確認,,,Improve Speed of System.map,hotspot,runtime,"jdk21u-fix-request,jdk21u-fix-yes,nmt",23
JDK-8331942,21.0.x,excluded,runtime_core,,対応不要,targets=linux,non_windows11_platform,"On Linux aarch64, CDS archives should be using 64K alignment by default",hotspot,runtime,"cds,jdk17u-fix-request,jdk17u-fix-yes,jdk21u-fix-request,jdk21u-fix-yes,jdk22u-fix-SQE-ok,jdk22u-fix-request,jdk22u-fix-yes",23
JDK-8341257,21.0.x,excluded,classlib,,対応不要,"keywords=open source,test; labels=noreg-self",doc_or_test,Open source few DND tests - Set1,client-libs,java.awt,"jdk17u-fix-request,jdk17u-fix-yes,jdk21u-fix-request,jdk21u-fix-yes,noreg-self,sn_179,test_sprint",24
JDK-8341779,21.0.8,needs_review,compiler_tools,,要確認,,,[REDO BACKPORT] type annotations are not visible to javac plugins across compilation boundaries (JDK-8225377),tools,javac,"22-na,javac-plugin,jdk21u-fix-SQE-ok,jdk21u-fix-request,jdk21u-fix-yes,type-annotations",21.0.8
JDK-8350412,21.0.8,needs_review,runtime_core,,要確認,,,[21u] AArch64: Ambiguous frame layout leads to incorrect traces in JFR,hotspot,compiler,"jdk17u-fix-request,jdk17u-fix-yes,jdk21u-fix-request,jdk21u-fix-yes,jfr,sustaining",21.0.8
JDK-8350610,21.0.8,needs_review,interop,,要確認,,,HttpClient: improve HTTP/2 flow control checks,core-libs,java.net,,21.0.8
JDK-8350856,21.0.8,needs_review,runtime_core,,要確認,,,[PPC64] Make intrinsic conversions between bit representations of half precision values and floats,hotspot,compiler,,21.0.8
JDK-8350862,21.0.8,needs_review,runtime_core,,要確認,,,Output JVMTI agent information in hserr files,hotspot,jvmti,,21.0.8
JDK-8350948,21.0.8,excluded,interop,,対応不要,keywords=\bgc\b,gc_related,UpcallLinker::on_exit races with GC when copying frame anchor,core-libs,java.lang.foreign,hgupdate-sync,21.0.8
JDK-8350949,21.0.8,excluded,interop,,対応不要,keywords=\bgc\b,gc_related,UpcallLinker::on_entry racingly clears pending exception with GC safepoints,core-libs,java.lang.foreign,hgupdate-sync,21.0.8
JDK-8350950,21.0.8,needs_review,interop,,要確認,,,ProgrammableUpcallHandler::on_entry/on_exit access thread fields from native,core-libs,java.lang.foreign,hgupdate-sync,21.0.8
JDK-8351030,21.0.8,excluded,runtime_core,,対応不要,keywords=\bshenandoah\b,gc_related,JFR Leak Profiler is broken with Shenandoah,hotspot,jfr,,21.0.8
JDK-8351031,21.0.8,needs_review,runtime_core,,要確認,,,Problemlist jdk/jfr/event/oldobject/TestShenandoah.java after JDK-8279016,hotspot,jfr,,21.0.8
JDK-8351190,21.0.8,needs_review,interop,,要確認,,,[JMH] time.format.ZonedDateTimeFormatterBenchmark fails,core-libs,java.util:i18n,,21.0.8
JDK-8351191,21.0.8,excluded,gc,,対応不要,component=hotspot/gc; keywords=\bgc\b,gc_related,3 gc/epsilon tests ignore external vm options,hotspot,gc,,21.0.8
JDK-8351340,21.0.8,needs_review,runtime_core,,要確認,,,secondary_super_cache does not scale well,hotspot,compiler,,21.0.8
JDK-8351341,21.0.8,needs_review,runtime_core,,要確認,,,Out-of-bounds array access in secondary_super_cache,hotspot,runtime,,21.0.8
JDK-8351358,21.0.8,needs_review,runtime_core,,要確認,,,Corrupted timezone string in JVM crash log,hotspot,runtime,,21.0.8
JDK-8351506,21.0.8,excluded,classlib,,対応不要,"keywords=open source,test",doc_or_test,Open source several Swing CSS related tests,client-libs,javax.swing,,21.0.8
JDK-8351507,21.0.8,needs_review,classlib,,要確認,,,ColorConvertOp - typo for non-ICC conversions needs one-line fix,client-libs,2d,,21.0.8
JDK-8351508,21.0.8,excluded,runtime_core,,対応不要,targets=linux,non_windows11_platform,[Testbug] g-tests for cgroup leave files in /tmp on linux,hotspot,runtime,,21.0.8
JDK-8351510,21.0.8,excluded,classlib,,対応不要,targets=macos,non_windows11_platform,[macos] Menu or JPopupMenu not closed when main window is resized,client-libs,javax.swing,,21.0.8
JDK-8351511,21.0.8,excluded,classlib,,対応不要,"keywords=open source,test",doc_or_test,Open Source several AWT/2D font and rendering tests,client-libs,,,21.0.8
JDK-8351512,21.0.8,needs_review,security,,要確認,,,Jarsigner should print a warning if an entry is removed,security-libs,java.security,hgupdate-sync,21.0.8
JDK-8351521,21.0.8,needs_review,classlib,,要確認,,,sun/awt/font/TestDevTransform.java fails with RuntimeException: Different rendering,client-libs,2d,,21.0.8
JDK-8351522,21.0.8,excluded,classlib,,対応不要,"keywords=open source,test",doc_or_test,Open source several Choice related tests (part 2),client-libs,,,21.0.8
JDK-8351527,21.0.8,needs_review,classlib,,要確認,,,Update List/ItemEventTest/ItemEventTest.java,client-libs,java.awt,,21.0.8
JDK-8351528,21.0.8,needs_review,classlib,,要確認,,,Update PipeWire to 1.3.81,client-libs,java.awt,,21.0.8
JDK-8351531,21.0.8,excluded,classlib,,対応不要,targets=aix,non_windows11_platform,AIX build failure after upgrade pipewire to 1.3.81,client-libs,java.awt,,21.0.8
JDK-8351532,21.0.8,excluded,classlib,,対応不要,targets=macos,non_windows11_platform,"[Accessibility,macOS,VoiceOver] VoiceOver doesn't announce untick on toggling the checkbox with ""space"" key on macOS",client-libs,javax.accessibility,,21.0.8
JDK-8351533,21.0.8,excluded,classlib,,対応不要,targets=macos,non_windows11_platform,"[Accessibility,macOS,Screen Magnifier]: JCheckbox unchecked state does not magnify but works for checked state",client-libs,javax.accessibility,,21.0.8
JDK-8351538,21.0.8,needs_review,classlib,,要確認,,,Update FreeType to 2.13.3,client-libs,2d,,21.0.8
JDK-8351557,21.0.8,needs_review,runtime_core,,要確認,,,Add jcmd to print annotated process memory map,hotspot,runtime,,21.0.8
JDK-8351559,21.0.8,excluded,gc,,対応不要,component=hotspot/gc; keywords=\bgc\b,gc_related,gc/stress/TestStressG1Uncommit.java gets OOM-killed,hotspot,gc,,21.0.8
JDK-8351637,21.0.8,excluded,runtime_core,,対応不要,targets=linux,non_windows11_platform,Out of bounds access on Linux aarch64 in os::print_register_info,hotspot,runtime,,21.0.8
JDK-8351684,21.0.8,needs_review,runtime_core,,要確認,,,"""Total compile time"" counter should include time spent in failing/bailout compiles",hotspot,compiler,,21.0.8
JDK-8351830,21.0.8,excluded,classlib,,対応不要,"keywords=open source,test",doc_or_test,Open source several Swing Scroll related tests,client-libs,javax.swing,,21.0.8
JDK-8351831,21.0.8,excluded,gc,,対応不要,component=hotspot/gc,gc_related,Move BufferNode from PtrQueue files to new files,hotspot,gc,,21.0.8
JDK-8351872,21.0.8,needs_review,runtime_core,,要確認,,,Skip ValidateHazardPtrsClosure in non-debug builds,hotspot,runtime,,21.0.8
JDK-8351879,21.0.8,needs_review,classlib,,要確認,,,print/Dialog/PaperSizeError.java fails with MediaSizeName is not A4: A4,client-libs,2d,,21.0.8
JDK-8351899,21.0.8,excluded,gc,,対応不要,component=hotspot/gc; keywords=\bgc\b,gc_related,Bug in jdk.jfr.event.gc.collection.TestSystemGC,hotspot,gc,,21.0.8
JDK-8351920,21.0.8,needs_review,runtime_core,,要確認,,,Improve Speed of System.map,hotspot,runtime,,21.0.8
JDK-8351924,21.0.8,needs_review,runtime_core,,要確認,,,serviceability/dcmd/vm/SystemMapTest.java and SystemDumpMapTest.java may fail after JDK-8326586,hotspot,runtime,,21.0.8
JDK-8351934,21.0.8,needs_review,classlib,,要確認,,,Inaccurate masking of TC subfield decrement in ForkJoinPool,core-libs,java.util.concurrent,,21.0.8
JDK-8351960,21.0.8,needs_review,security,,要確認,,,Remove Baltimore root certificate expiring in May 2025,security-libs,java.security,,21.0.8
JDK-8352000,21.0.8,needs_review,interop,,要確認,,,java/net/ipv6tests/UdpTest.java fails with checkTime failed,core-libs,java.net,,21.0.8
JDK-8352025,21.0.8,excluded,classlib,,対応不要,"keywords=open source,test",doc_or_test,Open source several Swing RootPane and Slider related tests,client-libs,javax.swing,,21.0.8
JDK-8352026,21.0.8,needs_review,runtime_core,,要確認,,,Replace NULL with nullptr in HotSpot gtests,hotspot,runtime,,21.0.8
JDK-8352028,21.0.8,excluded,classlib,,対応不要,"keywords=open source,test",doc_or_test,Automate and open source few closed manual applet test,client-libs,javax.swing,,21.0.8
JDK-8352029,21.0.8,needs_review,classlib,,要確認,,,Remove applet usage from JFileChooser tests bug4150029,client-libs,javax.swing,,21.0.8
JDK-8352030,21.0.8,excluded,classlib,,対応不要,"keywords=open source,test",doc_or_test,Convert and Open source few manual applet test to main based,client-libs,java.awt,,21.0.8
JDK-8352031,21.0.8,excluded,classlib,,対応不要,"keywords=open source,test",doc_or_test,Open source several AWT focus tests - series 1,client-libs,java.awt,,21.0.8
JDK-8352032,21.0.8,excluded,classlib,,対応不要,"keywords=open source,test",doc_or_test,Open source several AWT focus tests - series 2,client-libs,java.awt,,21.0.8
JDK-8352033,21.0.8,excluded,classlib,,対応不要,"keywords=open source,test",doc_or_test,Open source AWT MenuItem related tests,client-libs,java.awt,,21.0.8
JDK-8352034,21.0.8,excluded,classlib,,対応不要,"keywords=open source,test",doc_or_test,Open source closed choice tests #2,client-libs,java.awt,,21.0.8
JDK-8352035,21.0.8,excluded,classlib,,対応不要,"keywords=open source,test",doc_or_test,Open source several AWT focus tests - series 5,client-libs,java.awt,,21.0.8
JDK-8352036,21.0.8,excluded,classlib,,対応不要,"keywords=open source,test",doc_or_test,Open source few Checkbox and Cursor tests - Set1,client-libs,java.awt,,21.0.8
JDK-8352041,21.0.8,excluded,classlib,,対応不要,"keywords=open source,test",doc_or_test,Open source DnD tests - Set5,client-libs,java.awt,,21.0.8
JDK-8352051,21.0.8,excluded,classlib,,対応不要,"keywords=open source,test",doc_or_test,Open source closed frame tests # 2,client-libs,java.awt,,21.0.8
JDK-8352076,21.0.8,excluded,interop,,対応不要,"keywords=problemlist,test; labels=noreg-self | keywords=\bgc\b,\bshenandoah\b","doc_or_test,gc_related",[21u] Problem list tests that fail in 21 and would be fixed by 8309622,core-libs,java.util:i18n,"jdk17u-fix-request,jdk17u-fix-yes,jdk21u-fix-request,jdk21u-fix-yes,noreg-self",21.0.8
JDK-8352103,21.0.8,excluded,classlib,,対応不要,"keywords=open source,test",doc_or_test,Open source some Component/Panel/EventQueue tests - Set2,client-libs,java.awt,,21.0.8
JDK-8352104,21.0.8,excluded,classlib,,対応不要,"keywords=open source,test",doc_or_test,Open source several AWT Dialog tests - Batch 4,client-libs,java.awt,,21.0.8
JDK-8352167,21.0.8,needs_review,runtime_core,,要確認,,,WB_IsFrameDeoptimized miss ResourceMark,hotspot,runtime,,21.0.8
JDK-8352183,21.0.8,needs_review,runtime_core,,要確認,,,[x64] Fix useless padding,hotspot,compiler,,21.0.8
JDK-8352220,21.0.8,needs_review,interop,,要確認,,,assert fired in java/net/httpclient/DependentPromiseActionsTest (infrequent),core-libs,java.net,,21.0.8
JDK-8352221,21.0.8,excluded,classlib,,対応不要,"keywords=open source,test",doc_or_test,Open source few Component tests - Set1,client-libs,java.awt,,21.0.8
JDK-8352225,21.0.8,excluded,classlib,,対応不要,"keywords=open source,test",doc_or_test,Open source some Desktop related tests,client-libs,,,21.0.8
JDK-8352227,21.0.8,excluded,interop,,対応不要,targets=macos,non_windows11_platform,"java/net/Socket/UdpSocket.java fails with ""java.net.BindException: Address already in use"" (macos-aarch64)",core-libs,java.net,,21.0.8
JDK-8352230,21.0.8,needs_review,runtime_core,,要確認,,,CompileFramework: test library to conveniently compile java and jasm sources for fuzzing,hotspot,compiler,,21.0.8
JDK-8352232,21.0.8,needs_review,classlib,,要確認,,,Automate javax/print/attribute/PageRangesException.java,client-libs,java.awt,,21.0.8
JDK-8352233,21.0.8,excluded,classlib,,対応不要,targets=linux,non_windows11_platform,JRadioButton/ButtonGroupFocusTest.java fails in CI on Linux,client-libs,javax.swing,,21.0.8
JDK-8352234,21.0.8,needs_review,interop,,要確認,,,(fs) Remove some extensions from java/nio/file/Files/probeContentType/Basic.java,core-libs,java.nio,,21.0.8
JDK-8352238,21.0.8,needs_review,interop,,要確認,,,test/jdk/java/net/httpclient/HttpsTunnelAuthTest.java fails intermittently,core-libs,java.net,,21.0.8
JDK-8352240,21.0.8,needs_review,classlib,,要確認,,,Remove PassFailJFrame constructor with screenshots,client-libs,,,21.0.8
JDK-8352283,21.0.8,excluded,gc,,対応不要,component=hotspot/gc; keywords=\bshenandoah\b,gc_related,Shenandoah: Improve handshake closure labels,hotspot,gc,,21.0.8
JDK-8352285,21.0.8,needs_review,runtime_core,,要確認,,,CTW: Attempt to preload all classes in constant pool,hotspot,compiler,,21.0.8
JDK-8352286,21.0.8,needs_review,runtime_core,,要確認,,,Give better error for ConcurrentHashTable corruption,hotspot,runtime,,21.0.8
JDK-8352425,21.0.8,needs_review,interop,,要確認,,,HttpClient with StructuredTaskScope does not close when a task fails,core-libs,java.net,,21.0.8
JDK-8352436,21.0.8,needs_review,runtime_core,,要確認,,,[AArch64] C1: guarantee(val < (1ULL << nbits)) failed: Field too big for insn,hotspot,compiler,,21.0.8
JDK-8352438,21.0.8,needs_review,classlib,,要確認,,,[JMH] vector.IndexInRangeBenchmark failed with IndexOutOfBoundsException for size=1024,core-libs,,,21.0.8
JDK-8352513,21.0.8,needs_review,interop,,要確認,,,Incorrect handling of HTTP/2 GOAWAY frames in HttpClient,core-libs,java.net,,21.0.8
JDK-8352515,21.0.8,excluded,classlib,,対応不要,"keywords=open source,test",doc_or_test,Open source several Swing PopupMenu related tests,client-libs,javax.swing,,21.0.8
JDK-8352516,21.0.8,needs_review,runtime_core,,要確認,,,Update runtime/condy tests to be executed with VM flags,hotspot,runtime,,21.0.8
JDK-8352517,21.0.8,excluded,classlib,,対応不要,"keywords=open source,test",doc_or_test,Open source closed choice tests #3,client-libs,java.awt,,21.0.8
JDK-8352518,21.0.8,excluded,classlib,,対応不要,"keywords=open source,test",doc_or_test,Open source AWT FileDialog related tests,client-libs,java.awt,,21.0.8
JDK-8352519,21.0.8,excluded,classlib,,対応不要,"keywords=open source,test",doc_or_test,Open source more AWT window tests,client-libs,java.awt,,21.0.8
JDK-8352522,21.0.8,excluded,classlib,,対応不要,"keywords=open source,test",doc_or_test,Open source few more AWT PopupMenu tests,client-libs,java.awt,,21.0.8
JDK-8352523,21.0.8,needs_review,runtime_core,,要確認,,,Enable debug logging for vmTestbase/nsk/jvmti/scenarios/sampling/SP05/sp05t003/TestDescription.java,hotspot,jvmti,,21.0.8
JDK-8352524,21.0.8,needs_review,runtime_core,,要確認,,,Adjust timeout in test javax/management/monitor/DerivedGaugeMonitorTest.java,core-svc,javax.management,,21.0.8
JDK-8352525,21.0.8,needs_review,runtime_core,,要確認,,,serviceability/sa/ClhsdbWhere.java fails AssertionFailure: Corrupted constant pool,hotspot,svc-agent,,21.0.8
JDK-8352526,21.0.8,needs_review,runtime_core,,要確認,,,Test serviceability/sa/ClhsdbCDSJstackPrintAll.java failed: ArrayIndexOutOfBoundsException,hotspot,svc-agent,,21.0.8
JDK-8352538,21.0.8,needs_review,classlib,,要確認,,,Exception thrown before awaitAndCheck hangs PassFailJFrame,client-libs,,,21.0.8
JDK-8352539,21.0.8,needs_review,classlib,,要確認,,,Improve HTML instruction formatting in PassFailJFrame,client-libs,,,21.0.8
JDK-8352543,21.0.8,needs_review,classlib,,要確認,,,[XWayland] No displayChanged event after setDisplayMode call,client-libs,java.awt,,21.0.8
JDK-8352544,21.0.8,needs_review,classlib,,要確認,,,Update LCMS to 2.17,client-libs,2d,,21.0.8
JDK-8352586,21.0.8,excluded,classlib,test_infra,対応不要,"keywords=jtreg,test",doc_or_test,Some java/lang jtreg tests miss requires vm.hasJFR,core-libs,java.lang,,21.0.8
JDK-8352658,21.0.8,needs_review,classlib,,要確認,,,[JMH] Cannot access class jdk.internal.vm.ContinuationScope,core-libs,java.lang,,21.0.8
JDK-8352771,21.0.8,needs_review,runtime_core,,要確認,,,Crash: assert(h_array_list.not_null()) failed: invariant,hotspot,jfr,,21.0.8
JDK-8352772,21.0.8,excluded,runtime_core,,対応不要,targets=linux,non_windows11_platform,OpenJDK fails to configure on linux aarch64 when CDS is disabled after JDK-8331942,hotspot,runtime,,21.0.8
JDK-8353071,21.0.8,needs_review,classlib,,要確認,,,Opensource five more random Swing tests,client-libs,javax.swing,,21.0.8
JDK-8353072,21.0.8,needs_review,classlib,performance_regression,要確認,,,Opensource five Swing component related regression tests,client-libs,javax.swing,,21.0.8
JDK-8353076,21.0.8,excluded,classlib,,対応不要,"keywords=open source,test",doc_or_test,Open source closed choice tests #1,client-libs,java.awt,,21.0.8
JDK-8353077,21.0.8,excluded,classlib,,対応不要,"keywords=open source,test",doc_or_test,Open source several AWT focus tests - series 4,client-libs,java.awt,,21.0.8
JDK-8353078,21.0.8,excluded,classlib,,対応不要,"keywords=open source,test",doc_or_test,Open source couple more miscellaneous AWT tests,client-libs,java.awt,,21.0.8
JDK-8353081,21.0.8,excluded,classlib,,対応不要,"keywords=open source,test",doc_or_test,Open source some of the AWT Window tests,client-libs,java.awt,,21.0.8
JDK-8353082,21.0.8,excluded,classlib,,対応不要,"keywords=open source,test",doc_or_test,Open source closed frame tests # 4,client-libs,java.awt,,21.0.8
JDK-8353096,21.0.8,needs_review,interop,,要確認,,,URLConnection.getLastModified() leaks file handles for jar:file and file: URLs,core-libs,java.net,,21.0.8
JDK-8353102,21.0.8,excluded,gc,,対応不要,component=hotspot/gc; keywords=\bg1\b,gc_related,G1: NUMA migrations cause crashes in region allocation,hotspot,gc,,21.0.8
JDK-8353128,21.0.8,needs_review,runtime_core,,要確認,,,JFR: Split JFRCheckpoint VM operation,hotspot,jfr,,21.0.8
JDK-8353140,21.0.8,needs_review,classlib,,要確認,,,Desktop.browse method fails if earlier CoInitialize call as COINIT_MULTITHREADED,client-libs,java.awt,,21.0.8
JDK-8353292,21.0.8,needs_review,runtime_core,,要確認,,,Replaying compilation with null static final fields results in a crash,hotspot,compiler,,21.0.8
JDK-8353301,21.0.8,needs_review,classlib,,要確認,,,Primitive caches must use boxed instances from the archive,core-libs,java.lang,,21.0.8
JDK-8353518,21.0.8,excluded,classlib,,対応不要,"keywords=open source,test",doc_or_test,Open source several Swing HTMLEditorKit related tests,client-libs,javax.swing,,21.0.8
JDK-8353520,21.0.8,needs_review,classlib,,要確認,,,Convert and Opensource few JFileChooser applet test to main,client-libs,javax.swing,,21.0.8
JDK-8353522,21.0.8,excluded,runtime_core,,対応不要,targets=linux,non_windows11_platform,Make os::Linux::active_processor_count() public,hotspot,runtime,,21.0.8
JDK-8353524,21.0.8,needs_review,classlib,,要確認,,,Opensource few AWT PopupMenu tests,client-libs,java.awt,,21.0.8
JDK-8353525,21.0.8,excluded,classlib,,対応不要,"keywords=open source,test",doc_or_test,Open source several AWT focus tests - series 3,client-libs,java.awt,,21.0.8
JDK-8353528,21.0.8,needs_review,classlib,,要確認,,,Opensource few AWT image tests,client-libs,java.awt,,21.0.8
JDK-8353534,21.0.8,excluded,classlib,,対応不要,"keywords=open source,test",doc_or_test,Open source several Java2D rendering loop tests.,client-libs,2d,,21.0.8
JDK-8353535,21.0.8,excluded,classlib,,対応不要,"keywords=open source,test",doc_or_test,Open source several AWT PopupMenu tests,client-libs,java.awt,,21.0.8
JDK-8353536,21.0.8,needs_review,runtime_core,,要確認,,,More reliable OOM handling in ExceptionDuringDumpAtObjectsInitPhase test,hotspot,runtime,,21.0.8
JDK-8353538,21.0.8,needs_review,classlib,,要確認,,,Update HarfBuzz to 10.4.0,client-libs,2d,,21.0.8
JDK-8353540,21.0.8,needs_review,classlib,,要確認,,,Update Libpng to 1.6.47,client-libs,java.awt,,21.0.8
JDK-8353645,21.0.8,needs_review,classlib,,要確認,,,java/io/File/GetXSpace.java fails on Windows with CD-ROM drive,core-libs,java.io,,21.0.8
JDK-8353646,21.0.8,needs_review,interop,,要確認,,,Wrong timeout computations in DnsClient,core-libs,javax.naming,,21.0.8
JDK-8353647,21.0.8,needs_review,interop,,要確認,,,com/sun/jndi/dns/ConfigTests/Timeout.java failed intermittent,core-libs,javax.naming,,21.0.8
JDK-8353648,21.0.8,needs_review,runtime_core,,要確認,,,Remove unused UseNUMA in os_aix.cpp,hotspot,runtime,,21.0.8
JDK-8353650,21.0.8,needs_review,runtime_core,,要確認,,,C2: Loop strip mining uses ABS with min int,hotspot,compiler,,21.0.8
JDK-8353651,21.0.8,needs_review,runtime_core,,要確認,,,C2: VectorInsertNode::make() shouldn't call ConINode::make() directly,hotspot,compiler,,21.0.8
JDK-8353652,21.0.8,needs_review,runtime_core,,要確認,,,Incorrect TraceLoopPredicate output,hotspot,compiler,,21.0.8
JDK-8353653,21.0.8,needs_review,runtime_core,,要確認,,,Fatal error in auto-vectorizer with float16 kernel.,hotspot,compiler,,21.0.8
JDK-8353654,21.0.8,excluded,gc,,対応不要,component=hotspot/gc,gc_related,ShenandoahHeap::is_in should check for alive regions,hotspot,gc,,21.0.8
JDK-8353675,21.0.8,needs_review,runtime_core,,要確認,,,Caller/callee param size mismatch in deoptimization causes crash,hotspot,compiler,,21.0.8
JDK-8353676,21.0.8,needs_review,runtime_core,,要確認,,,SIGFPE In ObjectSynchronizer::is_async_deflation_needed(),hotspot,runtime,,21.0.8
JDK-8353690,21.0.8,needs_review,classlib,,要確認,,,PNGImageWriter uses much more memory than necessary,client-libs,javax.imageio,,21.0.8
JDK-8353700,21.0.8,excluded,classlib,,対応不要,"keywords=open source,test",doc_or_test,Open source some of the AWT Geometry/Button tests,client-libs,java.awt,,21.0.8
JDK-8353701,21.0.8,excluded,classlib,,対応不要,"keywords=open source,test",doc_or_test,Open source few more AWT Frame related tests,client-libs,java.awt,,21.0.8
JDK-8353702,21.0.8,excluded,classlib,,対応不要,"keywords=open source,test",doc_or_test,Open source closed frame tests # 3,client-libs,java.awt,,21.0.8
JDK-8353703,21.0.8,excluded,classlib,,対応不要,"keywords=open source,test",doc_or_test,Open source additional Component tests (part 3),client-libs,java.awt,,21.0.8
JDK-8353852,21.0.8,needs_review,classlib,,要確認,,,[ubsan] exclude function BilinearInterp and ShapeSINextSpan in libawt java2d from ubsan checks,client-libs,2d,,21.0.8
JDK-8353853,21.0.8,needs_review,runtime_core,,要確認,,,[ubsan] block.cpp:1617:30: runtime error: 9.97582e+36 is outside the range of representable values of type 'int',hotspot,compiler,,21.0.8
JDK-8353864,21.0.8,needs_review,classlib,performance_regression,要確認,,,Opensource five more Swing regression tests,client-libs,javax.swing,,21.0.8
JDK-8353865,21.0.8,needs_review,runtime_core,,要確認,,,"memory_swap_current_in_bytes reports 0 as ""unlimited""",hotspot,runtime,,21.0.8
JDK-8353866,21.0.8,excluded,classlib,,対応不要,"keywords=open source,test",doc_or_test,Open source several AWT Robot tests,client-libs,java.awt,,21.0.8
JDK-8353867,21.0.8,excluded,gc,,対応不要,component=hotspot/gc,gc_related,[TESTBUG] gtest CollectorPolicy.young_scaled_initial_ergo_vm fails if heap is too small,hotspot,gc,,21.0.8
JDK-8353870,21.0.8,excluded,classlib,,対応不要,"keywords=open source,test",doc_or_test,Open source DnD tests - Set4,client-libs,java.awt,,21.0.8
JDK-8353872,21.0.8,excluded,classlib,,対応不要,"keywords=open source,test",doc_or_test,Open source few Cursor tests - Set2,client-libs,java.awt,,21.0.8
JDK-8353874,21.0.8,excluded,classlib,,対応不要,"keywords=open source,test",doc_or_test,Open source few TrayIcon tests - Set8,client-libs,java.awt,,21.0.8
JDK-8353876,21.0.8,excluded,classlib,,対応不要,"keywords=open source,test",doc_or_test,Open source few DnD tests - Set6,client-libs,java.awt,,21.0.8
JDK-8353877,21.0.8,needs_review,classlib,,要確認,,,test/jdk/javax/swing/JRadioButton/8033699/bug8033699.java fails in ubuntu22.04,client-libs,javax.swing,,21.0.8
JDK-8353893,21.0.8,excluded,gc,,対応不要,component=hotspot/gc,gc_related,CollectorPolicy.young_scaled_initial_ergo_vm gtest fails on ppc64 based platforms,hotspot,gc,,21.0.8
JDK-8353894,21.0.8,needs_review,security,,要確認,,,Restore null return for invalid services from legacy providers,security-libs,java.security,,21.0.8
JDK-8353900,21.0.8,needs_review,interop,,要確認,,,Race condition in jdk/java/net/httpclient/offline/FixedResponseHttpClient.java,core-libs,java.net,,21.0.8
JDK-8353901,21.0.8,excluded,gc,,対応不要,component=hotspot/gc; keywords=\bgc\b,gc_related,nsk.share.gc.Memory::getArrayLength returns wrong value,hotspot,gc,,21.0.8
JDK-8353921,21.0.8,needs_review,classlib,,要確認,,,(tz) Update Timezone Data to 2025b,core-libs,java.time,,21.0.8
JDK-8353922,21.0.8,excluded,gc,,対応不要,component=hotspot/gc; keywords=\bg1\b,gc_related,G1: interpreter post-barrier x86 code asserts index size of wrong buffer,hotspot,gc,,21.0.8
JDK-8354058,21.0.8,needs_review,runtime_core,,要確認,,,AArch64: turn on signum intrinsics by default on Ampere CPUs,hotspot,compiler,,21.0.8
JDK-8354165,21.0.8,needs_review,runtime_core,,要確認,,,compiler/vectorization/TestFloat16VectorConvChain.java fails with non-standard AVX/SSE settings,hotspot,compiler,,21.0.8
JDK-8354185,21.0.8,needs_review,classlib,,要確認,,,Opensource five miscellaneous Swing tests,client-libs,javax.swing,,21.0.8
JDK-8354197,21.0.8,needs_review,runtime_core,,要確認,,,compiler/vectorization/TestFloat16VectorConvChain.java  timeouts on ppc64 platforms after JDK-8335860,hotspot,compiler,,21.0.8
JDK-8354199,21.0.8,needs_review,classlib,,要確認,,,java/awt/Cursor/JPanelCursorTest/JPanelCursorTest.java does not show the default cursor,client-libs,java.awt,,21.0.8
JDK-8354201,21.0.8,excluded,classlib,,対応不要,"keywords=open source,test",doc_or_test,Open source AWT Frame related tests,client-libs,java.awt,,21.0.8
JDK-8354202,21.0.8,excluded,classlib,,対応不要,"keywords=open source,test",doc_or_test,Open source several AWT focus tests - series 6,client-libs,java.awt,,21.0.8
JDK-8354203,21.0.8,excluded,classlib,,対応不要,"keywords=open source,test",doc_or_test,Open source few more AWT List tests,client-libs,java.awt,,21.0.8
JDK-8354206,21.0.8,excluded,classlib,,対応不要,"keywords=open source,test",doc_or_test,Open source additional Component tests (part 2),client-libs,java.awt,,21.0.8
JDK-8354207,21.0.8,excluded,classlib,,対応不要,"keywords=open source,test",doc_or_test,Open source some MenuBar tests - Set2,client-libs,java.awt,,21.0.8
JDK-8354208,21.0.8,excluded,classlib,,対応不要,"keywords=open source,test",doc_or_test,Open source several AWT Dialog tests - Batch 2,client-libs,java.awt,,21.0.8
JDK-8354267,21.0.8,needs_review,interop,,要確認,,,"java/net/httpclient/ShutdownNow.java fails with java.lang.AssertionError: client was still running, but exited after further delay: timeout should be adjusted",core-libs,java.net,,21.0.8
JDK-8354349,21.0.8,needs_review,interop,,要確認,,,Several java/net/InetAddress tests fails UnknownHostException,core-libs,java.net,,21.0.8
JDK-8354367,21.0.8,needs_review,runtime_core,,要確認,,,java/lang/instrument/modules/AppendToClassPathModuleTest.java ignores VM flags,core-svc,java.lang.instrument,,21.0.8
JDK-8354369,21.0.8,needs_review,classlib,,要確認,,,"javax/swing/JFileChooser/JFileChooserSetLocationTest.java failed with ""setLocation() is not working properly""",client-libs,javax.swing,,21.0.8
JDK-8354373,21.0.8,excluded,classlib,,対応不要,"keywords=open source,test",doc_or_test,Open source several AWT List tests,client-libs,java.awt,,21.0.8
JDK-8354374,21.0.8,excluded,classlib,,対応不要,"keywords=open source,test",doc_or_test,Open source few more AWT FileDialog tests,client-libs,java.awt,,21.0.8
JDK-8354375,21.0.8,excluded,classlib,,対応不要,"keywords=open source,test",doc_or_test,Open source several Choice related tests,client-libs,java.awt,,21.0.8
JDK-8354377,21.0.8,excluded,classlib,,対応不要,"keywords=open source,test",doc_or_test,Open source few Checkbox tests - Set2,client-libs,java.awt,,21.0.8
JDK-8354378,21.0.8,excluded,classlib,,対応不要,"keywords=open source,test",doc_or_test,open source some 2d graphics tests,client-libs,2d,,21.0.8
JDK-8354379,21.0.8,excluded,classlib,,対応不要,"keywords=open source,test",doc_or_test,Open source some of the AWT window test,client-libs,java.awt,,21.0.8
JDK-8354384,21.0.8,excluded,classlib,,対応不要,"keywords=open source,test",doc_or_test,Open source few various AWT tests - Set1,client-libs,java.awt,,21.0.8
JDK-8354385,21.0.8,excluded,classlib,,対応不要,"keywords=open source,test",doc_or_test,Open source some MenuBar tests - Set1,client-libs,java.awt,,21.0.8
JDK-8354422,21.0.8,excluded,classlib,,対応不要,"keywords=open source,test",doc_or_test,Open source several AWT Mouse tests - Batch 1,client-libs,java.awt,,21.0.8
JDK-8354423,21.0.8,excluded,classlib,,対応不要,"keywords=open source,test",doc_or_test,Open source few DND tests - Set1,client-libs,java.awt,,21.0.8
JDK-8354425,21.0.8,excluded,classlib,,対応不要,"keywords=open source,test",doc_or_test,Open source several AWT Canvas and Rectangle related tests,client-libs,java.awt,,21.0.8
JDK-8354429,21.0.8,needs_review,interop,,要確認,,,(ch) sun.nio.ch.Poller.register throws AssertionError,core-libs,java.nio,,21.0.8
JDK-8354444,21.0.8,needs_review,runtime_core,,要確認,,,Hotspot should support multiple large page sizes on Windows,hotspot,runtime,,21.0.8
JDK-8354494,21.0.8,needs_review,test_infra,,要確認,,,Debug symbols bundle should contain full debug files when building --with-external-symbols-in-bundles=public,infrastructure,build,,21.0.8
JDK-8354528,21.0.8,needs_review,runtime_core,,要確認,,,Integer.numberOfLeadingZeros outputs incorrectly in certain cases,hotspot,compiler,,21.0.8
JDK-8354533,21.0.8,needs_review,classlib,,要確認,,,"Writer not closed with disk full error, file resource leaked",core-libs,java.io,,21.0.8
JDK-8354633,21.0.8,needs_review,classlib,,要確認,,,Convert Applet test ManualHTMLDataFlavorTest.java to main program,client-libs,java.awt,,21.0.8
JDK-8354635,21.0.8,excluded,classlib,,対応不要,"keywords=open source,test",doc_or_test,Open source closed frame tests # 5,client-libs,java.awt,,21.0.8
JDK-8354638,21.0.8,needs_review,classlib,,要確認,,,java/awt/dnd/DnDRemoveFocusOwnerCrashTest.java timed out after JDK-8341257,client-libs,java.awt,,21.0.8
JDK-8354640,21.0.8,needs_review,security,,要確認,,,javax/management/security/HashedPasswordFileTest.java creates tmp file in src dir,core-svc,javax.management,,21.0.8
JDK-8354648,21.0.8,needs_review,classlib,,要確認,,,javax/swing/JMenu/4213634/bug4213634.java fails,client-libs,javax.swing,,21.0.8
JDK-8354649,21.0.8,excluded,classlib,,対応不要,targets=macos,non_windows11_platform,"[Accessibility,macOS,VoiceOver] VoiceOver reads the spinner value 10 as 1 when user iterates to 10 for the first time on macOS",client-libs,javax.accessibility,,21.0.8
JDK-8354654,21.0.8,needs_review,classlib,,要確認,,,"Screen capture for test TaskbarPositionTest.java, failure case",client-libs,,,21.0.8
JDK-8354786,21.0.8,excluded,classlib,,対応不要,"keywords=open source,test",doc_or_test,Open source few TrayIcon tests - Set7,client-libs,java.awt,,21.0.8
JDK-8354787,21.0.8,excluded,classlib,,対応不要,"keywords=open source,test",doc_or_test,Open source several AWT Mouse tests - Batch 2,client-libs,java.awt,,21.0.8
JDK-8354788,21.0.8,excluded,classlib,,対応不要,"keywords=open source,test",doc_or_test,Open source several AWT Dialog tests - Batch 1,client-libs,java.awt,,21.0.8
JDK-8354790,21.0.8,excluded,classlib,,対応不要,"keywords=open source,test",doc_or_test,Open source several AWT Dialog tests - Batch 3,client-libs,java.awt,,21.0.8
JDK-8354893,21.0.8,needs_review,compiler_tools,performance_regression,要確認,,,[REDO BACKPORT] javac crashes while adding type annotations to the return type of a constructor (JDK-8320001),tools,javac,"22-na,jdk21u-fix-request,jdk21u-fix-yes",21.0.8
JDK-8354923,21.0.8,needs_review,compiler_tools,,要確認,,,Type annotation attached to incorrect type during class reading,tools,javac,,21.0.8
JDK-8355035,21.0.8,needs_review,interop,,要確認,,,HTTP/2 ConnectionWindowUpdateSender may miss some unprocessed DataFrames from closed streams,core-libs,java.net,,21.0.8
JDK-8355057,21.0.8,needs_review,compiler_tools,,要確認,,,CompletionFailure in getEnclosingType attaching type annotations,tools,javac,,21.0.8
JDK-8355100,21.0.8,needs_review,classlib,,要確認,,,Enhance checks in BigDecimal.toPlainString(),core-libs,java.math,,21.0.8
JDK-8355112,21.0.8,needs_review,classlib,,要確認,,,java/util/Properties/StoreReproducibilityTest.java times out,core-libs,java.util,,21.0.8
JDK-8355117,21.0.8,needs_review,runtime_core,,要確認,,,Test ThreadCpuTime.java should pause like ThreadCpuTimeArray.java,core-svc,java.lang.management,,21.0.8
JDK-8355121,21.0.8,excluded,classlib,,対応不要,"keywords=open source,test",doc_or_test,Open source mixed AWT tests - Set3,client-libs,java.awt,,21.0.8
JDK-8355149,21.0.8,needs_review,classlib,,要確認,,,Test javax/swing/JTabbedPane/8007563/Test8007563.java fails,client-libs,javax.swing,,21.0.8
JDK-8355151,21.0.8,needs_review,classlib,,要確認,,,Tests fails with java.lang.IllegalAccessException: class com.sun.javatest.regtest.agent.MainWrapper$MainTask cannot access,client-libs,2d,,21.0.8
JDK-8355169,21.0.8,needs_review,classlib,,要確認,,,java/awt/Desktop/MailTest.java fails in platforms where Action.MAIL is not supported,client-libs,java.awt,,21.0.8
JDK-8355212,21.0.8,excluded,runtime_core,,対応不要,keywords=\bshenandoah\b,gc_related,Shenandoah/C2: TestVerifyLoopOptimizations test failure,hotspot,compiler,,21.0.8
JDK-8355549,21.0.8,needs_review,security,,要確認,,,Uninitialised memory in deleteGSSCB of GSSLibStub.c:179,security-libs,org.ietf.jgss,,21.0.8
JDK-8355550,21.0.8,needs_review,classlib,,要確認,,,SequenceInputStream.transferTo should not return as soon as Long.MAX_VALUE bytes have been transferred,core-libs,java.io,,21.0.8
JDK-8355552,21.0.8,needs_review,runtime_core,,要確認,,,java -D-D crashes,hotspot,runtime,,21.0.8
JDK-8355709,21.0.8,needs_review,interop,,要確認,,,Test java/net/httpclient/CancelRequestTest.java failed: WARNING: tracker for HttpClientImpl(42) has outstanding operations,core-libs,java.net,,21.0.8
JDK-8355710,21.0.8,needs_review,classlib,,要確認,,,java/awt/dnd/RejectDragDropActionTest.java timed out,client-libs,java.awt,,21.0.8
JDK-8355712,21.0.8,needs_review,interop,,要確認,,,java/net/vthread/BlockingSocketOps.java timeout/hang intermittently on Windows,core-libs,java.net,,21.0.8
JDK-8355714,21.0.8,needs_review,runtime_core,,要確認,,,Update nsk.share.jpda.Jdb to don't use finalization,core-svc,debugger,,21.0.8
JDK-8355716,21.0.8,needs_review,runtime_core,,要確認,,,Replace usage of -noclassgc with -Xnoclassgc in test/jdk/java/lang/management/MemoryMXBean/LowMemoryTest2.java,core-svc,java.lang.management,,21.0.8
JDK-8355727,21.0.8,needs_review,runtime_core,,要確認,,,Fix incorrect log message in JDI stop002t test,core-svc,debugger,,21.0.8
JDK-8355728,21.0.8,needs_review,interop,,要確認,,,HTTP/2 flow control checks may count unprocessed data twice,core-libs,java.net,,21.0.8
JDK-8355729,21.0.8,needs_review,security,,要確認,,,Update HSS/LMS public key encoding,security-libs,java.security,,21.0.8
JDK-8355730,21.0.8,needs_review,interop,,要確認,,,java/net/DatagramSocket/InterruptibleDatagramSocket.java fails with virtual thread factory,core-libs,java.net,,21.0.8
JDK-8355731,21.0.8,needs_review,security,,要確認,,,Compatible OCSP readtimeout property with OCSP timeout,security-libs,java.security,,21.0.8
JDK-8355733,21.0.8,needs_review,classlib,,要確認,,,Test javax/swing/JComboBox/TestComboBoxComponentRendering.java fails in ubuntu 23.x and later,client-libs,javax.swing,,21.0.8
JDK-8355734,21.0.8,needs_review,interop,,要確認,,,(fc) Make java/nio/channels/FileChannel/BlockDeviceSize.java test manual,core-libs,java.nio,,21.0.8
JDK-8355735,21.0.8,needs_review,classlib,,要確認,,,Test javax/swing/JTabbedPane/TestJTabbedPaneBackgroundColor.java failed,client-libs,javax.swing,,21.0.8
JDK-8355736,21.0.8,needs_review,interop,,要確認,,,java/net/httpclient/Http1ChunkedTest.java fails with java.util.MissingFormatArgumentException: Format specifier '%s',core-libs,java.net,,21.0.8
JDK-8355737,21.0.8,needs_review,interop,,要確認,,,httpclient HeadTest does not run on HTTP2,core-libs,java.net,,21.0.8
JDK-8355738,21.0.8,needs_review,security,,要確認,,,Increased number of SHA-384-Digest java.util.jar.Attributes$Name instances leading to higher memory footprint,core-libs,java.util.jar,,21.0.8
JDK-8355759,21.0.8,needs_review,runtime_core,,要確認,,,sun.jvmstat.monitor.MonitoredHost.getMonitoredHost() throws unexpected exceptions when invoked concurrently,core-svc,tools,,21.0.8
JDK-8355760,21.0.8,needs_review,classlib,,要確認,,,Overflow in Collections.rotate,core-libs,java.util:collections,,21.0.8
JDK-8356013,21.0.8,needs_review,compiler_tools,,要確認,,,NPE due to unreported compiler error,tools,javac,,21.0.8
JDK-8356178,21.0.8,needs_review,runtime_core,,要確認,,,Update vmTestbase/nsk/share/LocalProcess.java to don't use finalization,core-svc,debugger,,21.0.8
JDK-8356180,21.0.8,needs_review,runtime_core,,要確認,,,"com/sun/tools/attach/BasicTests.java fails with ""SocketException: Permission denied: connect""",core-svc,tools,,21.0.8
JDK-8356481,21.0.8,needs_review,runtime_core,,要確認,,,Test forceEarlyReturn002.java timed out,core-svc,debugger,,21.0.8
JDK-8356508,21.0.8,needs_review,runtime_core,,要確認,,,Update nsk/jdwp tests to use driver instead of othervm,core-svc,debugger,,21.0.8
JDK-8356514,21.0.8,excluded,classlib,,対応不要,"keywords=open source,test",doc_or_test,Open source a few more Component related tests,client-libs,java.awt,,21.0.8
JDK-8356515,21.0.8,needs_review,classlib,,要確認,,,Opensource few List and a Window test,client-libs,java.awt,,21.0.8
JDK-8356518,21.0.8,needs_review,classlib,,要確認,,,Test javax/swing/JRadioButton/8033699/bug8033699.java  still fails:  Focus is not on Radio Button Single as Expected,client-libs,,,21.0.8
JDK-8356520,21.0.8,excluded,classlib,,対応不要,targets=windows xp,non_windows11_platform,JButton/bug4796987.java never runs because Windows XP is unavailable,client-libs,javax.swing,,21.0.8
JDK-8356637,21.0.8,needs_review,classlib,,要確認,,,Pattern.Bound has `static` fields that should be `static final`.,core-libs,java.util.regex,,21.0.8
JDK-8356672,21.0.8,needs_review,classlib,,要確認,,,Misleading exception message from STS.Subtask::get when task forked after shutdown,core-libs,java.util.concurrent,,21.0.8
JDK-8356675,21.0.8,needs_review,runtime_core,,要確認,,,Kitchensink.java and RenaissanceStressTest.java  time out with jvmti module errors,hotspot,jfr,,21.0.8
JDK-8356676,21.0.8,needs_review,runtime_core,,要確認,,,Stack overflow during C2 compilation when splitting memory phi,hotspot,compiler,,21.0.8
JDK-8356707,21.0.8,needs_review,security,,要確認,,,GZIPInputStream constructor could leak an un-end()ed Inflater,core-libs,java.util.jar,,21.0.8
JDK-8356802,21.0.8,needs_review,classlib,,要確認,,,j.text.DateFormatSymbols setZoneStrings() exception is unhelpful,core-libs,java.text,,21.0.8
JDK-8357001,21.0.8,needs_review,classlib,,要確認,,,Test java/awt/Toolkit/Headless/HeadlessToolkit.java fails by timeout,client-libs,java.awt,,21.0.8
JDK-8357065,21.0.8,needs_review,classlib,,要確認,,,Re-enable -Wtype-limits for GCC in LCMS,client-libs,2d,,21.0.8
JDK-8357115,21.0.8,needs_review,classlib,,要確認,,,Convert closed text/html/CSS manual applet test to main,client-libs,javax.swing,,21.0.8
JDK-8357116,21.0.8,needs_review,compiler_tools,,要確認,,,Ctrl+C does not call shutdown hooks after JLine upgrade,tools,jshell,,21.0.8
JDK-8357117,21.0.8,needs_review,classlib,,要確認,,,Incorrect error message during startup if working directory does not exist,core-libs,java.lang,,21.0.8
JDK-8357118,21.0.8,needs_review,classlib,,要確認,,,test/jdk/javax/swing/JToolBar/4529206/bug4529206.java fails in ubuntu22.04,client-libs,,,21.0.8
JDK-8357120,21.0.8,needs_review,classlib,,要確認,,,test/jdk/javax/swing/text/DefaultEditorKit/4278839/bug4278839.java fails in ubuntu22.04,client-libs,javax.swing,,21.0.8
JDK-8357122,21.0.8,needs_review,classlib,,要確認,,,Opensource JMenu tests - series1,client-libs,javax.swing,,21.0.8
JDK-8357204,21.0.8,needs_review,classlib,,要確認,,,Opensource few misc swing tests,client-libs,javax.swing,,21.0.8
JDK-8357205,21.0.8,excluded,classlib,,対応不要,"keywords=open source,test",doc_or_test,Open source more Swing text tests,client-libs,javax.swing,,21.0.8
JDK-8357206,21.0.8,needs_review,classlib,,要確認,,,Opensource JInternalFrame tests - series1,client-libs,javax.swing,,21.0.8
JDK-8357214,21.0.8,excluded,classlib,,対応不要,"keywords=open source,test",doc_or_test,Open source two Swing DefaultCaret tests,client-libs,javax.swing,,21.0.8
JDK-8357215,21.0.8,excluded,classlib,,対応不要,"keywords=open source,test",doc_or_test,Open source several swing tests batch1,client-libs,javax.swing,,21.0.8
JDK-8357388,21.0.8,needs_review,runtime_core,,要確認,,,The jcmd thread dump related tests should test virtual threads,core-svc,tools,,21.0.8
JDK-8357391,21.0.8,excluded,gc,,対応不要,component=hotspot/gc; keywords=\bzgc\b,gc_related,ZGC: TestAllocateHeapAt.java should not run with UseLargePages,hotspot,gc,,21.0.8
JDK-8357477,21.0.8,excluded,interop,,対応不要,targets=aix,non_windows11_platform,AIX: sporadic unexpected errno when calling setsockopt in Net.joinOrDrop,core-libs,java.nio,,21.0.8
JDK-8357482,21.0.8,needs_review,runtime_core,,要確認,,,DynamicLauncher for JDP test needs to try harder to find a free port,core-svc,javax.management,,21.0.8
JDK-8357484,21.0.8,needs_review,interop,,要確認,,,Bug in com/sun/net/httpserver/bugs/B6361557.java test,core-libs,java.net,,21.0.8
JDK-8357489,21.0.8,excluded,classlib,,対応不要,"keywords=open source,test",doc_or_test,Open source Swing Tests - Set 5,client-libs,javax.swing,,21.0.8
JDK-8357492,21.0.8,excluded,classlib,,対応不要,"keywords=open source,test",doc_or_test,Open source several AWT Menu tests - Batch 2,client-libs,java.awt,,21.0.8
JDK-8357493,21.0.8,needs_review,classlib,,要確認,,,Open some JComboBox bugs 4,client-libs,javax.swing,,21.0.8
JDK-8357494,21.0.8,excluded,classlib,,対応不要,"keywords=open source,test",doc_or_test,Open source several clipboard tests batch1,client-libs,java.awt,,21.0.8
JDK-8357500,21.0.8,excluded,classlib,,対応不要,"keywords=open source,test",doc_or_test,Clean up and open source couple AWT Graphics related tests (Part 1),client-libs,java.awt,,21.0.8
JDK-8357534,21.0.8,needs_review,runtime_core,,要確認,,,[VS 2022 17.14] Warning C5287 in debugInit.c: enum type mismatch during build,core-svc,debugger,,21.0.8
JDK-8357548,21.0.8,needs_review,interop,,要確認,,,ISO 4217 Amendment 179 Update,core-libs,java.util:i18n,,21.0.8
JDK-8357667,21.0.8,needs_review,classlib,,要確認,,,Missing @since tag on JColorChooser.showDialog overload,client-libs,javax.swing,,21.0.8
JDK-8357820,21.0.8,needs_review,runtime_core,,要確認,,,[AArch64] Incorrect result of VectorizedHashCode intrinsic on Cortex-A53,hotspot,compiler,,21.0.8
JDK-8359037,21.0.8,needs_review,runtime_core,,要確認,,,"C2: compilation fails with ""assert(false) failed: empty program detected during loop optimization""",hotspot,compiler,,21.0.8
JDK-8359349,21.0.8,needs_review,security,,要確認,,,Add 2 TLS and 2 CS Sectigo roots,security-libs,java.security,,21.0.8
JDK-8360406,21.0.8,needs_review,compiler_tools,,要確認,,,[21u] Disable logic for attaching type annotations to class files until 8359336 is fixed,tools,javac,"24-na,25-na,jdk21u-critical-request,jdk21u-critical-yes",21.0.8
